epoch,train_loss,train_accuracy,validation_accuracy
1,1.3839782819283748,0.663925285754112,0.7278048780487805
