epoch,train_loss,train_accuracy_%,validation_accuracy_%
1,1.8344,47.85,50.44
2,1.4628,62.35,67.9
3,1.2259,71.97,65.07
4,1.0677,80.66,80.68
5,0.9458,86.33,81.85
6,0.8495,90.92,90.63
7,0.8009,92.72,94.24
8,0.7749,93.95,91.02
9,0.7477,94.68,95.41
10,0.7692,93.55,92.0

Training CO2: 0.00000310 kg
Testing CO2: 0.00000310 kg
Test Accuracy: 90.30 %

